trait_parent_categories,trait_name,life_stage_relevance,sex_relevance,description,trait_type,...7,...8,...9,...10,...11,...12
demography,generation_length,species_level,species_level,"Average age of parents of the current cohort (i.e., of cohort of newborn individuals in the population). Generation length reflects the turnover rate of breeding individuals in a population.",numeric,NA,NA,NA,NA,NA,NA
demography,life_span,species_level,varies_with_sex,Average length of life or life expectancy of a population,numeric,NA,NA,NA,NA,NA,NA
demography,life_span_categories,species_level,varies_with_sex,"Categorical description (days, months, etc.) of life or life expectancy of a population",categorical,NA,NA,NA,NA,NA,NA
demography,lifestage_length_categories,species_level,varies_with_sex,The life stage that makes up the greatest proportion of an individual's life span,categorical,NA,NA,NA,NA,NA,NA
demography,"time_to_maturity
",species_level,varies_with_sex,"Time to maturity, including the time spent as dormant larval forms, aestivation and holometabolous taxa",numeric,NA,NA,NA,NA,NA,NA
demography,time_to_maturity_categories,species_level,varies_with_sex,"Categorical description (days, months, etc.) of time to maturity, including the time spent as dormant larval forms, aestivation and holometabolous taxa",categorical,NA,NA,NA,NA,NA,NA
distribution,AOO,species_level,species_level,"Area within a species' EOO, excluding cases of vagrancy (IUCN 2001). See https://www.ala.org.au/spatial-portal-help/aoo/.",numeric,NA,NA,NA,NA,NA,NA
distribution,EOO,species_level,species_level,"Area contained within the shortest continuous imaginary boundary that encompasses all known, inferred, or projected sites of present occurrence of a taxon, excluding cases of vagrancy (IUCN 2012). For migratory species, EOO should be based on the minimum of breeding or non-breeding (wintering) areas, but not both. See https://www.ala.org.au/spatial-portal-help/aoo/.",numeric,NA,NA,NA,NA,NA,NA
distribution,home_range_individual,varies_with_life_stage,varies_with_sex,The area in which an individual of a species lives and moves on a periodic basis,numeric,NA,NA,NA,NA,NA,NA
distribution,species_range_categories,species_level,species_level,Description of the extent of the area occupied by all individuals of a species (including migratory range),categorical,NA,NA,NA,NA,NA,NA
distribution,subpopulation_connectivity,species_level,species_level,"Description of subpopulation connectivity (combination of distribution and connectivity) for a species within a landscape. Connectivity can be infuenced by taxon specific features, such as habitat specialisation or dispersal ability, of from landscape features, such as vegetation clearance.",categorical,NA,NA,NA,NA,NA,NA
ecology,ecological_dependency,varies_with_life_stage,varies_with_sex,Nature of dependency (generalist/specialist) of a taxon on other organisms for a part of its life or to complete some aspect of its lifecycle,categorical,NA,NA,NA,NA,NA,NA
ecology,functional_role,varies_with_life_stage,varies_with_sex,Role played by a taxon in the formation and maintenance of its ecosystem,categorical,NA,NA,NA,NA,NA,NA
ecology,habitat_specificity,varies_with_life_stage,varies_with_sex,"Reliance of a taxon on specific and/or narrow biotic or abiotic habitat features for breeding, foraging, nesting, or living. It also includes reliance on a habitat through which a species may be moving.",categorical,NA,NA,NA,NA,NA,NA
ecology,site_fidelity,varies_with_life_stage,varies_with_sex,Ability of the organism to occupy a new site,categorical,NA,NA,NA,NA,NA,NA
ecology,foraging_strategy,varies_with_life_stage,varies_with_sex,Strategy used for obtaining food source,categorical,NA,NA,NA,NA,NA,NA
fire_specific,fire_dependence,varies_with_life_stage,varies_with_sex,"Reliance of an individual, or part of an individual's life stage, on some aspect of fire, such as fire ephemerals, burnt wood, etc.",categorical,NA,NA,NA,NA,NA,NA
fire_specific,fire_detection,varies_with_life_stage,varies_with_sex,The ability of an organism to detect fire or an aspect of fire,categorical,NA,NA,NA,NA,NA,NA
fire_specific,fire_movement_response,varies_with_life_stage,varies_with_sex,Evidence of emigration and/or immigration in response to fire event(s),categorical,NA,NA,NA,NA,NA,NA
life_history,fecundity,species_level,species_level,"Physiological maximum potential reproductive output of an individual (usually female) over its known lifetime, measured by number of eggs, or young",numeric,NA,NA,NA,NA,NA,NA
life_history,degree_of_fecundity,species_level,species_level,Degree (high/low) of the physiological maximum potential reproductive output of an individual (usually female) over its known lifetime,categorical,NA,NA,NA,NA,NA,NA
life_history,fecundity_per_reproductive_event,species_level,species_level,"Reproductive output of an individual (usually female) during a single reproductive event within the known lifetime of the individual/species/taxon, usually measured as the number of eggs, or young. This is also used if lifetime of the individual/species/taxon is unknown, for example, in 'long-lived' taxa",numeric,NA,NA,NA,NA,NA,NA
life_history,degree_of_fecundity_per_reproductive_event,species_level,species_level,"Degree (high/low) of the reproductive output of an individual (usually female) during a single reproductive event within the known lifetime of the individual/species/taxon. This is also used if lifetime of the individual/species/taxon is unknown, for example, in 'long-lived' taxa",categorical,NA,NA,NA,NA,NA,NA
life_history,parental_investment,species_level,species_level,The degree of development of the offspring at birth/hatching and the subsequent parental investment required to raise offspring,categorical,NA,NA,NA,NA,NA,NA
life_history,parity,species_level,species_level,Frequency of reproductive events,categorical,NA,NA,NA,NA,NA,NA
life_history,reproductive_flexibility,species_level,species_level,Flexibility for opportunistic reproductive output,categorical,NA,NA,NA,NA,NA,NA
life_history,reproductive_mode,species_level,species_level,Mode of reproduction,categorical,NA,NA,NA,NA,NA,NA
life_history,seasonal_phenology,varies_with_life_stage,varies_with_sex,"The timing of seasonal or cyclic variation in life cycle events, across a species' life that are influenced by seasonal and interannual variations in climate, i.e., timing of developmental cycles, hibernation, etc.",categorical,NA,NA,NA,NA,NA,NA
microhabitat,microhabitat_activity,varies_with_life_stage,varies_with_sex,"Microhabitat(s) with which a species actively interacts, including movement specifically around, or associated with that microhabitat, such as for foraging, lekking, etc.",categorical,NA,NA,NA,NA,NA,NA
microhabitat,microhabitat_nesting,varies_with_life_stage,varies_with_sex,"Microhabitat(s) in which a species nests, incuding habitats where a life stage matures",categorical,NA,NA,NA,NA,NA,NA
microhabitat,microhabitat_shelter,varies_with_life_stage,varies_with_sex,Microhabitat(s) in which a species shelters,categorical,NA,NA,NA,NA,NA,NA
morphology,body_shape,varies_with_life_stage,varies_with_sex,"Shape of the body, e.g., dorsoventrally flattened",categorical,NA,NA,NA,NA,NA,NA
morphology,shell_width,varies_with_life_stage,varies_with_sex,Longest width or diameter of the shell perpendicular to the shell axis in land snails,numeric,NA,NA,NA,NA,NA,NA
morphology,shell_height,varies_with_life_stage,varies_with_sex,Longest distance between the apex and the base of the aperture parallel to the shell axis in land snails,numeric,NA,NA,NA,NA,NA,NA
morphology,body_length,varies_with_life_stage,varies_with_sex,"Length of the body as taken from most anterior point to most posterior point of main body segments, not including wings or legs",numeric,NA,NA,NA,NA,NA,NA
morphology,body_wing_length,varies_with_life_stage,varies_with_sex,Length of the body and wings as taken from most anterior point of the main body segments to the most posterior point of protruding wings,numeric,NA,NA,NA,NA,NA,NA
morphology,occipital_carapace_length,varies_with_life_stage,varies_with_sex,Length between the rear of the eye socket to the centre rear of the carapace in crayfish,numeric,NA,NA,NA,NA,NA,NA
morphology,forewing_length,varies_with_life_stage,varies_with_sex,Length of forewing,numeric,NA,NA,NA,NA,NA,NA
morphology,hindwing_length,varies_with_life_stage,varies_with_sex,Length of hindwing,numeric,NA,NA,NA,NA,NA,NA
morphology,integument_presence,varies_with_life_stage,varies_with_sex,"Presence of protective integument (e.g., exoskeleton or shell) that may provide protection against dessication",categorical,NA,NA,NA,NA,NA,NA
morphology,intertegular_distance,varies_with_life_stage,varies_with_sex,Distance across the thorax between the base of the wings,numeric,NA,NA,NA,NA,NA,NA
morphology,leg_length,varies_with_life_stage,varies_with_sex,Length of leg,numeric,NA,NA,NA,NA,NA,NA
morphology,mass,varies_with_life_stage,varies_with_sex,Mass of an individual,numeric,NA,NA,NA,NA,NA,NA
morphology,wing_development,varies_with_life_stage,varies_with_sex,Degree of development of wings,categorical,NA,NA,NA,NA,NA,NA
morphology,wing_length,varies_with_life_stage,varies_with_sex,Length of wing when not specified as hindwing or forewing,numeric,NA,NA,NA,NA,NA,NA
movement,dispersal_microhabitat,varies_with_life_stage,varies_with_sex,"The extent of reliance of a species on a specific microhabitat through which it can dipserse, e.g., inability to cross open ground, alien mosaic habitats, contrasted to a species that can cross a range of habitats",categorical,NA,NA,NA,NA,NA,NA
movement,dispersal_potential,varies_with_life_stage,varies_with_sex,"Categorical descriptions (high/low) of how far an individual can move, per dispersal event, from the location of an existing population",categorical,NA,NA,NA,NA,NA,NA
movement,dispersal_speed,varies_with_life_stage,varies_with_sex,Speed of movement of an individual through the landscape,numeric,NA,NA,NA,NA,NA,NA
movement,dispersal_syndrome,varies_with_life_stage,varies_with_sex,Mode of movement through the landscape,categorical,NA,NA,NA,NA,NA,NA
movement,dispersive_phase_length,varies_with_life_stage,varies_with_sex,"The length of time in which individuals or progules of a species, or a life stage, is dispersive. For example, a species may only be dispersive for a restricted and discrete period (i.e., as a juvenile); it may be dispersive throughout its life, but restricted to specific times i.e., seasonally; or it may be flexibly dispersive throughout its life.",categorical,NA,NA,NA,NA,NA,NA
movement,migration_distance,varies_with_life_stage,varies_with_sex,Distance travelled to reach migration site,numeric,NA,NA,NA,NA,NA,NA
movement,migration_distance_categories,varies_with_life_stage,varies_with_sex,Categorical descriptions (long/short) of distance travelled to reach migration site,categorical,NA,NA,NA,NA,NA,NA
movement,migration_frequency,varies_with_life_stage,varies_with_sex,Frequency of migration in a species' lifetime,categorical,NA,NA,NA,NA,NA,NA
movement,migration_site_fidelity,varies_with_life_stage,varies_with_sex,"A species' fidelity for each migratory destination; for example, species with high migration_site_fidelity would return to the exact same location at each migration event.",categorical,NA,NA,NA,NA,NA,NA
physiology,physiological_tolerance,varies_with_life_stage,varies_with_sex,"Physiological tolerance to abiotic factors such as temperature, humidity, hydrology",categorical,NA,NA,NA,NA,NA,NA
physiology,thermal_tolerance_lt50,varies_with_life_stage,varies_with_sex,Lethal temperature 50; the temperature at which 50% of the sample dies,numeric,NA,NA,NA,NA,NA,NA
physiology,thermal_tolerance_lt100,varies_with_life_stage,varies_with_sex,Lethal temperature 100; the temperature at which 100% of the sample dies,numeric,NA,NA,NA,NA,NA,NA
physiology,thermal_tolerance_ctmax,varies_with_life_stage,varies_with_sex,"Critical thermal maximum; the upper thermal limit of organisms, the point at which organised movement and function stops and the organism dies",numeric,NA,NA,NA,NA,NA,NA
physiology,thermal_tolerance_ct50,varies_with_life_stage,varies_with_sex,"Critical thermal 50; the temperature at which 50% of organisms meet their thermal limit, at which organised movement and function stops and the organism dies",numeric,NA,NA,NA,NA,NA,NA
physiology,thermal_tolerance_ctmin,varies_with_life_stage,varies_with_sex,"Critical thermal minimum; the minimum thermal limit of organisms, the point at which organised movement and function stops and the organism dies",numeric,NA,NA,NA,NA,NA,NA
